code,title,size,style,country,type,availability,price_gbp,import_date,url
HED93971,Macallan 18 Year Old Sherry Oak (2023 Release),70cl,Spirits,Scotland,Whisky,54.0,395.0,2024-03-28,https://hedonism.co.uk/product/macallan-18-year-old-sherry-oak-(2023-release)-whisky
HED90397,Dalmore Vintage 2007,70cl,Spirits,Scotland,Whisky,4.0,120.0,2024-03-28,https://hedonism.co.uk/product/dalmore-vintage-2007-whisky
HED8932,Kavalan Single Malt,70cl,Spirits,"Taiwan, Province of China",Whisky,3.0,71.7,2024-03-28,https://hedonism.co.uk/product/kavalan-single-malt-whisky
HED89075,Kavalan Solist Vinho Barrique 56.3%,70cl,Spirits,"Taiwan, Province of China",Whisky,3.0,215.0,2024-03-28,https://hedonism.co.uk/product/kavalan-solist-vinho-barrique-56.3%-whisky
HED86657,Yamazaki Distillers Reserve,70cl,Spirits,Japan,Whisky,17.0,76.5,2024-03-28,https://hedonism.co.uk/product/yamazaki-distillers-reserve-whisky
HED86377,Compass Box Hedonism,70cl,Spirits,Scotland,Whisky,14.0,77.0,2024-03-28,https://hedonism.co.uk/product/compass-box-hedonism-whisky
HED8537,Yamazaki 25 Year Old,70cl,Spirits,Japan,Whisky,10.0,7450.0,2024-03-28,https://hedonism.co.uk/product/yamazaki-25-year-old-whisky
HED85240,Bruichladdich The Classic Laddie Scottish Barley,70cl,Spirits,Scotland,Whisky,5.0,47.9,2024-03-28,https://hedonism.co.uk/product/bruichladdich-the-classic-laddie-scottish-barley-whisky
HED8515,Bunnahabhain 12 Year Old,70cl,Spirits,Scotland,Whisky,14.0,44.0,2024-03-28,https://hedonism.co.uk/product/bunnahabhain-12-year-old-whisky
HED8506,Monkey Shoulder,70cl,Spirits,Scotland,Whisky,5.0,29.9,2024-03-28,https://hedonism.co.uk/product/monkey-shoulder-whisky
HED83705,Glengoyne 25 Year Old,70cl,Spirits,Scotland,Whisky,25.0,495.0,2024-03-28,https://hedonism.co.uk/product/glengoyne-25-year-old-whisky
HED82604,Balvenie 12 Year Old Doublewood,70cl,Spirits,Scotland,Whisky,19.0,49.2,2024-03-28,https://hedonism.co.uk/product/balvenie-12-year-old-doublewood-whisky
HED82200,Glenfiddich 15 Year Old,70cl,Spirits,Scotland,Whisky,16.0,48.9,2024-03-28,https://hedonism.co.uk/product/glenfiddich-15-year-old-whisky
HED8197,Glendronach 33 Year Old,75cl,Spirits,Scotland,Whisky,2.0,2500.0,2024-03-28,https://hedonism.co.uk/product/glendronach-33-year-old-whisky
HED8190,Royal Salute 62 Gun Salute,100cl,Spirits,Scotland,Whisky,2.0,2620.0,2024-03-28,https://hedonism.co.uk/product/royal-salute-62-gun-salute-whisky
HED81882,Glengoyne 15 Year Old,70cl,Spirits,Scotland,Whisky,18.0,83.9,2024-03-28,https://hedonism.co.uk/product/glengoyne-15-year-old-whisky
HED8048,Linkwood 12 Year Old Flora and Fauna,70cl,Spirits,Scotland,Whisky,2.0,53.7,2024-03-28,https://hedonism.co.uk/product/linkwood-12-year-old-flora-and-fauna-whisky
HED8045,The John Walker,70cl,Spirits,Scotland,Whisky,2.0,5250.0,2024-03-28,https://hedonism.co.uk/product/the-john-walker-whisky
HED8034,Clynelish 14 Year Old,70cl,Spirits,Scotland,Whisky,6.0,54.9,2024-03-28,https://hedonism.co.uk/product/clynelish-14-year-old-whisky
HED8024,Balvenie 14 Year Old Caribbean Cask,70cl,Spirits,Scotland,Whisky,9.0,65.9,2024-03-28,https://hedonism.co.uk/product/balvenie-14-year-old-caribbean-cask-whisky
HED79889,Deanston Virgin Oak,70cl,Spirits,Scotland,Whisky,7.0,35.5,2024-03-28,https://hedonism.co.uk/product/deanston-virgin-oak-whisky
HED79806,Fettercairn 12 Year Old,70cl,Spirits,Scotland,Whisky,3.0,43.9,2024-03-28,https://hedonism.co.uk/product/fettercairn-12-year-old-whisky
HED79802,Dalmore 25 Year Old,70cl,Spirits,Scotland,Whisky,35.0,1070.0,2024-03-28,https://hedonism.co.uk/product/dalmore-25-year-old-whisky
HED79404,Talisker 10 Year Old 20cl,20cl,Spirits,Scotland,Whisky,4.0,17.7,2024-03-28,https://hedonism.co.uk/product/talisker-10-year-old-20cl-whisky
HED79400,Caol Ila 12 Year Old 20cl,20cl,Spirits,Scotland,Whisky,9.0,19.0,2024-03-28,https://hedonism.co.uk/product/caol-ila-12-year-old-20cl-whisky
HED79376,Arran Bodega Sherry Cask,70cl,Spirits,Scotland,Whisky,2.0,61.0,2024-03-28,https://hedonism.co.uk/product/arran-bodega-sherry-cask-whisky
HED78687,Glenfiddich 23 Year Old Grand Cru,70cl,Spirits,Scotland,Whisky,6.0,242.0,2024-03-28,https://hedonism.co.uk/product/glenfiddich-23-year-old-grand-cru-whisky
HED7701,Glendronach 18 Year Old Allardice,70cl,Spirits,Scotland,Whisky,21.0,178.0,2024-03-28,https://hedonism.co.uk/product/glendronach-18-year-old-allardice-whisky
HED7661,Nikka Coffey Grain,70cl,Spirits,Japan,Whisky,11.0,58.9,2024-03-28,https://hedonism.co.uk/product/nikka-coffey-grain-whisky
HED7560,Kavalan King Car Conductor,70cl,Spirits,"Taiwan, Province of China",Whisky,5.0,86.5,2024-03-28,https://hedonism.co.uk/product/kavalan-king-car-conductor-whisky
HED74608,Arran 10 Year Old,70cl,Spirits,Scotland,Whisky,10.0,39.9,2024-03-28,https://hedonism.co.uk/product/arran-10-year-old-whisky
HED72302,Johnnie Walker Green Label 15 Year Old,70cl,Spirits,Scotland,Whisky,3.0,46.9,2024-03-28,https://hedonism.co.uk/product/johnnie-walker-green-label-15-year-old-whisky
HED7047,Hibiki 21 Year Old,70cl,Spirits,Japan,Whisky,36.0,950.0,2024-03-28,https://hedonism.co.uk/product/hibiki-21-year-old-whisky
HED70117,Hibiki Japanese Harmony,70cl,Spirits,Japan,Whisky,98.0,81.2,2024-03-28,https://hedonism.co.uk/product/hibiki-japanese-harmony-whisky
HED7002,Glenfiddich 30 Year Old,70cl,Spirits,Scotland,Whisky,3.0,700.0,2024-03-28,https://hedonism.co.uk/product/glenfiddich-30-year-old-whisky
HED69772,Mortlach 15 Year Old Distillery Labels Gordon & MacPhail,70cl,Spirits,Scotland,Whisky,3.0,74.9,2024-03-28,https://hedonism.co.uk/product/mortlach-15-year-old-distillery-labels-gordon-&-macphail-whisky
HED69616,Macallan 25 Year Old Sherry Oak (2018 Release),70cl,Spirits,Scotland,Whisky,2.0,2800.0,2024-03-28,https://hedonism.co.uk/product/macallan-25-year-old-sherry-oak-(2018-release)-whisky
HED69585,Glen Elgin 12 Year Old,70cl,Spirits,Scotland,Whisky,11.0,41.0,2024-03-28,https://hedonism.co.uk/product/glen-elgin-12-year-old-whisky
HED69504,Toki,70cl,Spirits,Japan,Whisky,22.0,32.3,2024-03-28,https://hedonism.co.uk/product/toki-whisky
HED69408,Port Charlotte 10 Year Old,70cl,Spirits,Scotland,Whisky,6.0,54.2,2024-03-28,https://hedonism.co.uk/product/port-charlotte-10-year-old-whisky
HED69343,Caol Ila 13 Year Old Discovery Gordon & MacPhail,70cl,Spirits,Scotland,Whisky,5.0,58.0,2024-03-28,https://hedonism.co.uk/product/caol-ila-13-year-old-discovery-gordon-&-macphail-whisky
HED68472,Dalmore 45 Year Old,70cl,Spirits,Scotland,Whisky,8.0,17500.0,2024-03-28,https://hedonism.co.uk/product/dalmore-45-year-old-whisky
HED67227,Bowmore 15 Year Old,70cl,Spirits,Scotland,Whisky,7.0,66.0,2024-03-28,https://hedonism.co.uk/product/bowmore-15-year-old-whisky
HED66904,Chita Distiller`s Reserve,70cl,Spirits,Japan,Whisky,15.0,55.9,2024-03-28,https://hedonism.co.uk/product/chita-distiller`s-reserve-whisky
HED64375,Ledaig 18 Year Old,70cl,Spirits,Scotland,Whisky,10.0,86.7,2024-03-28,https://hedonism.co.uk/product/ledaig-18-year-old-whisky
HED64374,Bunnahabhain 18 Year Old,70cl,Spirits,Scotland,Whisky,31.0,141.0,2024-03-28,https://hedonism.co.uk/product/bunnahabhain-18-year-old-whisky
HED63267,Glendronach Traditionally Peated,70cl,Spirits,Scotland,Whisky,3.0,55.0,2024-03-28,https://hedonism.co.uk/product/glendronach-traditionally-peated-whisky
HED62126,Highland Park Fire Edition,70cl,Spirits,Scotland,Whisky,4.0,140.0,2024-03-28,https://hedonism.co.uk/product/highland-park-fire-edition-whisky
HED61388,Macallan 12 Year Old Double Cask,70cl,Spirits,Scotland,Whisky,38.0,74.9,2024-03-28,https://hedonism.co.uk/product/macallan-12-year-old-double-cask-whisky
HED61195,Glenfarclas 40 Year Old 43%,70cl,Spirits,Scotland,Whisky,43.0,1280.0,2024-03-28,https://hedonism.co.uk/product/glenfarclas-40-year-old-43%-whisky
HED6068,Glenlivet 18 Year Old,70cl,Spirits,Scotland,Whisky,7.0,105.0,2024-03-28,https://hedonism.co.uk/product/glenlivet-18-year-old-whisky
HED6067,Glenlivet 15 Year Old The French Oak Reserve,70cl,Spirits,Scotland,Whisky,4.0,59.9,2024-03-28,https://hedonism.co.uk/product/glenlivet-15-year-old-the-french-oak-reserve-whisky
HED6063,Chivas Regal 18 Year Old,70cl,Spirits,Scotland,Whisky,16.0,71.2,2024-03-28,https://hedonism.co.uk/product/chivas-regal-18-year-old-whisky
HED6062,Chivas Regal 12 Year Old,70cl,Spirits,Scotland,Whisky,17.0,34.9,2024-03-28,https://hedonism.co.uk/product/chivas-regal-12-year-old-whisky
HED6056,Aberlour 12 Year Old,70cl,Spirits,Scotland,Whisky,6.0,43.9,2024-03-28,https://hedonism.co.uk/product/aberlour-12-year-old-whisky
HED6052,Lagavulin 16 Year Old,70cl,Spirits,Scotland,Whisky,36.0,74.8,2024-03-28,https://hedonism.co.uk/product/lagavulin-16-year-old-whisky
HED6049,Talisker 10 Year Old,70cl,Spirits,Scotland,Whisky,18.0,45.0,2024-03-28,https://hedonism.co.uk/product/talisker-10-year-old-whisky
HED6048,Royal Lochnagar 12 Year Old,70cl,Spirits,Scotland,Whisky,9.0,40.9,2024-03-28,https://hedonism.co.uk/product/royal-lochnagar-12-year-old-whisky
HED6046,Oban 14 Year Old,70cl,Spirits,Scotland,Whisky,8.0,75.0,2024-03-28,https://hedonism.co.uk/product/oban-14-year-old-whisky
HED6043,Johnnie Walker Blue Label,70cl,Spirits,Scotland,Whisky,297.0,174.0,2024-03-28,https://hedonism.co.uk/product/johnnie-walker-blue-label-whisky
HED6042,Johnnie Walker Black Label 12 Year Old,70cl,Spirits,Scotland,Whisky,78.0,28.9,2024-03-28,https://hedonism.co.uk/product/johnnie-walker-black-label-12-year-old-whisky
HED60348,Kilchoman Sanaig,70cl,Spirits,Scotland,Whisky,2.0,53.9,2024-03-28,https://hedonism.co.uk/product/kilchoman-sanaig-whisky
HED60282,Nikka Yoichi Single Malt,70cl,Spirits,Japan,Whisky,7.0,77.7,2024-03-28,https://hedonism.co.uk/product/nikka-yoichi-single-malt-whisky
HED55995,Hibiki Blender`s Choice,70cl,Spirits,Japan,Whisky,87.0,200.0,2024-03-28,https://hedonism.co.uk/product/hibiki-blender`s-choice-whisky
HED54764,Tamdhu 15 Year Old,70cl,Spirits,Scotland,Whisky,5.0,86.7,2024-03-28,https://hedonism.co.uk/product/tamdhu-15-year-old-whisky
HED53433,Deanston 12 Year Old,70cl,Spirits,Scotland,Whisky,8.0,43.5,2024-03-28,https://hedonism.co.uk/product/deanston-12-year-old-whisky
HED53399,Benriach 21 Year Old The Twenty One,70cl,Spirits,Scotland,Whisky,7.0,143.0,2024-03-28,https://hedonism.co.uk/product/benriach-21-year-old-the-twenty-one-whisky
HED52182,Rock Oyster 3cl,3cl,Spirits,Scotland,Whisky,4.0,4.9,2024-03-28,https://hedonism.co.uk/product/rock-oyster-3cl-whisky
HED52181,Brenne Cuvee Speciale 3cl,3cl,Spirits,France,Whisky,2.0,5.0,2024-03-28,https://hedonism.co.uk/product/brenne-cuvee-speciale-3cl-whisky
HED51274,Glendronach 15 Year Old Revival,70cl,Spirits,Scotland,Whisky,16.0,78.5,2024-03-28,https://hedonism.co.uk/product/glendronach-15-year-old-revival-whisky
HED51228,Mortlach 20 Year Old,70cl,Spirits,Scotland,Whisky,6.0,285.0,2024-03-28,https://hedonism.co.uk/product/mortlach-20-year-old-whisky
HED51226,Mortlach 12 Year Old,70cl,Spirits,Scotland,Whisky,10.0,58.9,2024-03-28,https://hedonism.co.uk/product/mortlach-12-year-old-whisky
HED50819,Bowmore 23 Year Old Celebration of the Cask Hedonism Exclusive 1995,70cl,Spirits,Scotland,Whisky,1.0,235.0,2024-03-28,https://hedonism.co.uk/product/bowmore-23-year-old-celebration-of-the-cask-hedonism-exclusive-1995-whisky
HED50819,Bowmore 23 Year Old Celebration of the Cask (Exclusive to Hedonism Wines) 1995,70cl,Spirits,Scotland,Whisky,1.0,235.0,2024-03-28,https://hedonism.co.uk/product/bowmore-23-year-old-celebration-of-the-cask-(exclusive-to-hedonism-wines)-1995-whisky
HED50134,Chivas Regal Mizunara,70cl,Spirits,Scotland,Whisky,5.0,47.5,2024-03-28,https://hedonism.co.uk/product/chivas-regal-mizunara-whisky
HED47096,Daftmill Summer Distillation 2011,70cl,Spirits,Scotland,Whisky,13.0,130.0,2024-03-28,https://hedonism.co.uk/product/daftmill-summer-distillation-2011-whisky
HED47070,Lagg Corriecravie Sherry Finish,70cl,Spirits,Scotland,Whisky,3.0,70.0,2024-03-28,https://hedonism.co.uk/product/lagg-corriecravie-sherry-finish-whisky
HED47070,Lagg Corriecravie Sherry Finish,70cl,Spirits,Scotland,Whisky,7.0,64.0,2024-03-28,https://hedonism.co.uk/product/lagg-corriecravie-sherry-finish-whisky
HED47069,Lagg Kilmory,70cl,Spirits,Scotland,Whisky,6.0,55.0,2024-03-28,https://hedonism.co.uk/product/lagg-kilmory-whisky
HED47069,Lagg Kilmory,70cl,Spirits,Scotland,Whisky,6.0,49.0,2024-03-28,https://hedonism.co.uk/product/lagg-kilmory-whisky
HED4706,Glenfarclas 15 Year Old,70cl,Spirits,Scotland,Whisky,16.0,74.9,2024-03-28,https://hedonism.co.uk/product/glenfarclas-15-year-old-whisky
HED47016,Springbank 25 Year Old Fresh Sherry Hogshead Starkicker 1998,70cl,Spirits,Scotland,Whisky,2.0,1350.0,2024-03-28,https://hedonism.co.uk/product/springbank-25-year-old-fresh-sherry-hogshead-starkicker-1998-whisky
HED47011,Dalmore 30 Year Old 2023 Limited Release,70cl,Spirits,Scotland,Whisky,11.0,4000.0,2024-03-28,https://hedonism.co.uk/product/dalmore-30-year-old-2023-limited-release-whisky
HED46991,Macallan A Night On Earth The Journey,70cl,Spirits,Scotland,Whisky,86.0,105.0,2024-03-28,https://hedonism.co.uk/product/macallan-a-night-on-earth-the-journey-whisky
HED46938,Glenmorangie 16 Year Old The Nectar,70cl,Spirits,Scotland,Whisky,7.0,79.0,2024-03-28,https://hedonism.co.uk/product/glenmorangie-16-year-old-the-nectar-whisky
HED46924,Bruichladdich 24 Year Old Black Art 11.1 1998,70cl,Spirits,Scotland,Whisky,6.0,385.0,2024-03-28,https://hedonism.co.uk/product/bruichladdich-24-year-old-black-art-11.1-1998-whisky
HED46904,Glenfarclas 18 Year Old 100cl,100cl,Spirits,Scotland,Whisky,34.0,135.0,2024-03-28,https://hedonism.co.uk/product/glenfarclas-18-year-old-100cl-whisky
HED46903,Glenfarclas 26 Year Old Oloroso Sherry Finish,70cl,Spirits,Scotland,Whisky,48.0,240.0,2024-03-28,https://hedonism.co.uk/product/glenfarclas-26-year-old-oloroso-sherry-finish-whisky
HED4690,Glenfarclas 10 Year Old,70cl,Spirits,Scotland,Whisky,9.0,41.2,2024-03-28,https://hedonism.co.uk/product/glenfarclas-10-year-old-whisky
HED46896,Johnett 10 Year Old Single Malt 2012,70cl,Spirits,Switzerland,Whisky,6.0,59.0,2024-03-28,https://hedonism.co.uk/product/johnett-10-year-old-single-malt-2012-whisky
HED46882,Talisker Distiller`s Edition (2022 Release),70cl,Spirits,Scotland,Whisky,5.0,63.5,2024-03-28,https://hedonism.co.uk/product/talisker-distiller`s-edition-(2022-release)-whisky
HED46841,Macallan Harmony Collection Amber Meadow,70cl,Spirits,Scotland,Whisky,42.0,165.0,2024-03-28,https://hedonism.co.uk/product/macallan-harmony-collection-amber-meadow-whisky
HED46816,Macallan 25 Year Old Sherry Oak (2023 Release),70cl,Spirits,Scotland,Whisky,81.0,2295.0,2024-03-28,https://hedonism.co.uk/product/macallan-25-year-old-sherry-oak-(2023-release)-whisky
HED46806,Isle of Raasay Scotch Whisky Distillery of the Year Release,70cl,Spirits,Scotland,Whisky,6.0,90.0,2024-03-28,https://hedonism.co.uk/product/isle-of-raasay-scotch-whisky-distillery-of-the-year-release-whisky
HED46753,Yamazaki 12 Year Old 100th Anniversary,70cl,Spirits,Japan,Whisky,39.0,199.0,2024-03-28,https://hedonism.co.uk/product/yamazaki-12-year-old-100th-anniversary-whisky
HED46730,Lindores Single Malt Friar John Cor Cask Strength Congregation Chapter 2,70cl,Spirits,Scotland,Whisky,3.0,62.5,2024-03-28,https://hedonism.co.uk/product/lindores-single-malt-friar-john-cor-cask-strength-congregation-chapter-2-whisky
HED46707,Campbeltown Loch Blended,70cl,Spirits,Scotland,Whisky,30.0,40.0,2024-03-28,https://hedonism.co.uk/product/campbeltown-loch-blended-whisky
HED46706,Glenmorangie 12 Year Old Palo Cortado Finish,70cl,Spirits,Scotland,Whisky,10.0,71.5,2024-03-28,https://hedonism.co.uk/product/glenmorangie-12-year-old-palo-cortado-finish-whisky
HED46679,Glenfiddich 29 Year Old Grand Yozakura,70cl,Spirits,Scotland,Whisky,5.0,1550.0,2024-03-28,https://hedonism.co.uk/product/glenfiddich-29-year-old-grand-yozakura-whisky
HED46671,Craigellachie 13 Year Old Bas-Armagnac Finish,70cl,Spirits,Scotland,Whisky,5.0,63.9,2024-03-28,https://hedonism.co.uk/product/craigellachie-13-year-old-bas-armagnac-finish-whisky
HED46670,Benrinnes 11 Year Old Adelphi (Exclusive to Hedonism Wines) 2011,70cl,Spirits,Scotland,Whisky,17.0,69.9,2024-03-28,https://hedonism.co.uk/product/benrinnes-11-year-old-adelphi-(exclusive-to-hedonism-wines)-2011-whisky
HED46670,Benrinnes 11 Year Old Adelphi Hedonism Exclusive 2011,70cl,Spirits,Scotland,Whisky,19.0,69.9,2024-03-28,https://hedonism.co.uk/product/benrinnes-11-year-old-adelphi-hedonism-exclusive-2011-whisky
HED46596,Compass Box Hedonism² (Exclusive to Hedonism Wines),70cl,Spirits,Scotland,Whisky,309.0,140.0,2024-03-28,https://hedonism.co.uk/product/compass-box-hedonism²-(exclusive-to-hedonism-wines)-whisky
HED46596,Compass Box Hedonism² Exclusive,70cl,Spirits,Scotland,Whisky,310.0,140.0,2024-03-28,https://hedonism.co.uk/product/compass-box-hedonism²-exclusive-whisky
HED46540,Glen Scotia 15 Year Old,70cl,Spirits,Scotland,Whisky,5.0,68.9,2024-03-28,https://hedonism.co.uk/product/glen-scotia-15-year-old-whisky
HED46276,Glenfarclas 12 Year Old,70cl,Spirits,Scotland,Whisky,3.0,57.0,2024-03-28,https://hedonism.co.uk/product/glenfarclas-12-year-old-whisky
HED46276,Glenfarclas 12 Year Old,70cl,Spirits,Scotland,Whisky,3.0,47.7,2024-03-28,https://hedonism.co.uk/product/glenfarclas-12-year-old-whisky
HED46273,Tamdhu Cigar Malt II,70cl,Spirits,Scotland,Whisky,5.0,195.0,2024-03-28,https://hedonism.co.uk/product/tamdhu-cigar-malt-ii-whisky
HED46233,Longmorn 8 Year Old Carn Mor Strictly Limited 2013,70cl,Spirits,Scotland,Whisky,2.0,46.0,2024-03-28,https://hedonism.co.uk/product/longmorn-8-year-old-carn-mor-strictly-limited-2013-whisky
HED46226,Strathmill 25 Year Old (2014 Release),70cl,Spirits,Scotland,Whisky,5.0,259.0,2024-03-28,https://hedonism.co.uk/product/strathmill-25-year-old-(2014-release)-whisky
HED46124,Highland Park 15 Year Old Viking Heart,70cl,Spirits,Scotland,Whisky,4.0,62.0,2024-03-28,https://hedonism.co.uk/product/highland-park-15-year-old-viking-heart-whisky
HED46000,The Tops 33 Year Old Blended Speyside Malt House of Hazelwood Legacy Collection,70cl,Spirits,Scotland,Whisky,2.0,1450.0,2024-03-28,https://hedonism.co.uk/product/the-tops-33-year-old-blended-speyside-malt-house-of-hazelwood-legacy-collection-whisky
HED45943,Ardbeg Ardcore,70cl,Spirits,Scotland,Whisky,18.0,75.0,2024-03-28,https://hedonism.co.uk/product/ardbeg-ardcore-whisky
HED45927,Talisker 25 Year Old,70cl,Spirits,Scotland,Whisky,3.0,460.0,2024-03-28,https://hedonism.co.uk/product/talisker-25-year-old-whisky
HED45872,Balvenie 12 Year Old Sweet Toast of American Oak,70cl,Spirits,Scotland,Whisky,4.0,56.0,2024-03-28,https://hedonism.co.uk/product/balvenie-12-year-old-sweet-toast-of-american-oak-whisky
HED45872,Balvenie 12 Year Old Sweet Toast of American Oak,70cl,Spirits,Scotland,Whisky,7.0,45.9,2024-03-28,https://hedonism.co.uk/product/balvenie-12-year-old-sweet-toast-of-american-oak-whisky
HED45869,Balvenie 16 Year Old French Oak,70cl,Spirits,Scotland,Whisky,13.0,122.0,2024-03-28,https://hedonism.co.uk/product/balvenie-16-year-old-french-oak-whisky
HED45868,Tamdhu 18 Year Old,70cl,Spirits,Scotland,Whisky,3.0,135.0,2024-03-28,https://hedonism.co.uk/product/tamdhu-18-year-old-whisky
HED45806,Royal Salute 38 Year Old Stone of Destiny,70cl,Spirits,Scotland,Whisky,3.0,1500.0,2024-03-28,https://hedonism.co.uk/product/royal-salute-38-year-old-stone-of-destiny-whisky
HED45724,Rampur Asava,70cl,Spirits,India,Whisky,3.0,64.9,2024-03-28,https://hedonism.co.uk/product/rampur-asava-whisky
HED45664,Springbank 25 Year Old 2022 Release,70cl,Spirits,Scotland,Whisky,2.0,1895.0,2024-03-28,https://hedonism.co.uk/product/springbank-25-year-old-2022-release-whisky
HED45478,Glen Grant 10 Year Old,70cl,Spirits,Scotland,Whisky,4.0,34.9,2024-03-28,https://hedonism.co.uk/product/glen-grant-10-year-old-whisky
HED45476,Kyro Wood Smoke Rye,70cl,Spirits,Finland,Whisky,4.0,58.0,2024-03-28,https://hedonism.co.uk/product/kyro-wood-smoke-rye-whisky
HED45161,The Gauldrons,70cl,Spirits,Scotland,Whisky,6.0,49.5,2024-03-28,https://hedonism.co.uk/product/the-gauldrons-whisky
HED45122,Laphroaig Cairdeas Feis Ile 2018,70cl,Spirits,Scotland,Whisky,6.0,185.0,2024-03-28,https://hedonism.co.uk/product/laphroaig-cairdeas-feis-ile-2018-whisky
HED45086,Isle of Raasay Single Malt,70cl,Spirits,Scotland,Whisky,7.0,54.9,2024-03-28,https://hedonism.co.uk/product/isle-of-raasay-single-malt-whisky
HED45067,Highland Park Cask Strength Release 2,70cl,Spirits,Scotland,Whisky,12.0,56.9,2024-03-28,https://hedonism.co.uk/product/highland-park-cask-strength-release-2-whisky
HED4503,Glengoyne 12 Year Old,70cl,Spirits,Scotland,Whisky,21.0,44.9,2024-03-28,https://hedonism.co.uk/product/glengoyne-12-year-old-whisky
HED44057,Torabhaig Legacy Series Allt Gleann,70cl,Spirits,Scotland,Whisky,13.0,50.0,2024-03-28,https://hedonism.co.uk/product/torabhaig-legacy-series-allt-gleann-whisky
HED43093,Reisetbauer & Son 12 Year Old Single Malt Whisky,70cl,Spirits,Austria,Whisky,4.0,75.0,2024-03-28,https://hedonism.co.uk/product/reisetbauer-&-son-12-year-old-single-malt-whisky-whisky
HED4305,Glendronach 21 Year Old Parliament,70cl,Spirits,Scotland,Whisky,58.0,225.0,2024-03-28,https://hedonism.co.uk/product/glendronach-21-year-old-parliament-whisky
HED4303,Glendronach 12 Year Old,70cl,Spirits,Scotland,Whisky,33.0,48.2,2024-03-28,https://hedonism.co.uk/product/glendronach-12-year-old-whisky
HED43005,Singleton 12 Year Old,70cl,Spirits,Scotland,Whisky,7.0,43.5,2024-03-28,https://hedonism.co.uk/product/singleton-12-year-old-whisky
HED4278,An Cnoc 12 Year Old,70cl,Spirits,Scotland,Whisky,3.0,36.0,2024-03-28,https://hedonism.co.uk/product/an-cnoc-12-year-old-whisky
HED42058,Adnams 7 Year Old Batch 1 TBWC,50cl,Spirits,England,Whisky,4.0,36.0,2024-03-28,https://hedonism.co.uk/product/adnams-7-year-old-batch-1-tbwc-whisky
HED41043,Filey Bay Flagship,70cl,Spirits,England,Whisky,3.0,50.5,2024-03-28,https://hedonism.co.uk/product/filey-bay-flagship-whisky
HED41009,Laphroaig 25 Year Old Cask Strength,70cl,Spirits,Scotland,Whisky,20.0,460.0,2024-03-28,https://hedonism.co.uk/product/laphroaig-25-year-old-cask-strength-whisky
HED40759,Aberlour 14 Year Old,70cl,Spirits,Scotland,Whisky,6.0,59.9,2024-03-28,https://hedonism.co.uk/product/aberlour-14-year-old-whisky
HED40507,Nikka Tailored,70cl,Spirits,Japan,Whisky,9.0,113.0,2024-03-28,https://hedonism.co.uk/product/nikka-tailored-whisky
HED40486,East London Liquor Company London Rye,70cl,Spirits,England,Whisky,6.0,59.5,2024-03-28,https://hedonism.co.uk/product/east-london-liquor-company-london-rye-whisky
HED40446,Laphroaig 30 Year Old Ian Hunter Story Book 2,70cl,Spirits,Scotland,Whisky,2.0,1900.0,2024-03-28,https://hedonism.co.uk/product/laphroaig-30-year-old-ian-hunter-story-book-2-whisky
HED40295,GlenAllachie 15 Year Old,70cl,Spirits,Scotland,Whisky,7.0,69.0,2024-03-28,https://hedonism.co.uk/product/glenallachie-15-year-old-whisky
HED40141,Macallan 18 Year Old Double Cask,70cl,Spirits,Scotland,Whisky,19.0,301.0,2024-03-28,https://hedonism.co.uk/product/macallan-18-year-old-double-cask-whisky
HED40140,Macallan 15 Year Old Double Cask,70cl,Spirits,Scotland,Whisky,29.0,145.0,2024-03-28,https://hedonism.co.uk/product/macallan-15-year-old-double-cask-whisky
HED3176,Dalmore King Alexander III,70cl,Spirits,Scotland,Whisky,49.0,195.0,2024-03-28,https://hedonism.co.uk/product/dalmore-king-alexander-iii-whisky
HED3175,Dalmore 18 Year Old,70cl,Spirits,Scotland,Whisky,18.0,275.0,2024-03-28,https://hedonism.co.uk/product/dalmore-18-year-old-whisky
HED3173,Dalmore 15 Year Old,70cl,Spirits,Scotland,Whisky,27.0,103.0,2024-03-28,https://hedonism.co.uk/product/dalmore-15-year-old-whisky
HED3172,Dalmore 12 Year Old,70cl,Spirits,Scotland,Whisky,23.0,56.9,2024-03-28,https://hedonism.co.uk/product/dalmore-12-year-old-whisky
HED3162,Yamazaki 18 Year Old,70cl,Spirits,Japan,Whisky,27.0,850.0,2024-03-28,https://hedonism.co.uk/product/yamazaki-18-year-old-whisky
HED3161,Yamazaki 12 Year Old,70cl,Spirits,Japan,Whisky,53.0,145.0,2024-03-28,https://hedonism.co.uk/product/yamazaki-12-year-old-whisky
HED3137,Bowmore 12 Year Old,70cl,Spirits,Scotland,Whisky,17.0,37.5,2024-03-28,https://hedonism.co.uk/product/bowmore-12-year-old-whisky
HED3133,Auchentoshan Three Wood,70cl,Spirits,Scotland,Whisky,3.0,49.9,2024-03-28,https://hedonism.co.uk/product/auchentoshan-three-wood-whisky
HED3116,Glenfiddich 21 Year Gran Reserva,70cl,Spirits,Scotland,Whisky,3.0,175.0,2024-03-28,https://hedonism.co.uk/product/glenfiddich-21-year-gran-reserva-whisky
HED3115,Glenfiddich 18 Year Old,70cl,Spirits,Scotland,Whisky,17.0,88.9,2024-03-28,https://hedonism.co.uk/product/glenfiddich-18-year-old-whisky
HED3114,Glenfiddich 12 Year Old,70cl,Spirits,Scotland,Whisky,27.0,41.0,2024-03-28,https://hedonism.co.uk/product/glenfiddich-12-year-old-whisky
HED3110,Balvenie 21 Year Old Portwood,70cl,Spirits,Scotland,Whisky,3.0,243.0,2024-03-28,https://hedonism.co.uk/product/balvenie-21-year-old-portwood-whisky
HED3093,Glenmorangie 18 Year Old Extremely Rare,70cl,Spirits,Scotland,Whisky,9.0,105.0,2024-03-28,https://hedonism.co.uk/product/glenmorangie-18-year-old-extremely-rare-whisky
HED2976,Macallan 12 Year Old Sherry Oak,70cl,Spirits,Scotland,Whisky,25.0,85.0,2024-03-28,https://hedonism.co.uk/product/macallan-12-year-old-sherry-oak-whisky
HED29102,InchDairnie Ryelaw,70cl,Spirits,Scotland,Whisky,28.0,106.0,2024-03-28,https://hedonism.co.uk/product/inchdairnie-ryelaw-whisky
HED2903,Nikka From The Barrel,50cl,Spirits,Japan,Whisky,15.0,45.9,2024-03-28,https://hedonism.co.uk/product/nikka-from-the-barrel-whisky
HED2886,Compass Box Peat Monster,70cl,Spirits,Scotland,Whisky,6.0,52.0,2024-03-28,https://hedonism.co.uk/product/compass-box-peat-monster-whisky
HED26459,Kavalan Solist Bourbon Cask 57.8%,70cl,Spirits,"Taiwan, Province of China",Whisky,5.0,155.0,2024-03-28,https://hedonism.co.uk/product/kavalan-solist-bourbon-cask-57.8%-whisky
HED26061,Mac-Talla Terra,70cl,Spirits,Scotland,Whisky,2.0,47.5,2024-03-28,https://hedonism.co.uk/product/mac-talla-terra-whisky
HED25945,English Whisky Co 9 Year Old Batch 4 TBWC,50cl,Spirits,England,Whisky,3.0,58.0,2024-03-28,https://hedonism.co.uk/product/english-whisky-co-9-year-old-batch-4-tbwc-whisky
HED22910,Old Perth Vintage Collection Carn Mor 1994,70cl,Spirits,Scotland,Whisky,2.0,153.0,2024-03-28,https://hedonism.co.uk/product/old-perth-vintage-collection-carn-mor-1994-whisky
HED22891,Tobermory 21 Year Old,70cl,Spirits,Scotland,Whisky,6.0,165.0,2024-03-28,https://hedonism.co.uk/product/tobermory-21-year-old-whisky
HED22714,Bruichladdich The Organic 2011,70cl,Spirits,Scotland,Whisky,4.0,74.9,2024-03-28,https://hedonism.co.uk/product/bruichladdich-the-organic-2011-whisky
HED22649,Braes Of Glenlivet 25 Year Old Secret Speyside,70cl,Spirits,Scotland,Whisky,4.0,370.0,2024-03-28,https://hedonism.co.uk/product/braes-of-glenlivet-25-year-old-secret-speyside-whisky
HED22644,Caperdonich Unpeated 21 Year Old Secret Speyside,70cl,Spirits,Scotland,Whisky,5.0,249.0,2024-03-28,https://hedonism.co.uk/product/caperdonich-unpeated-21-year-old-secret-speyside-whisky
HED22637,Loch Lomond 14 Year Old,70cl,Spirits,Scotland,Whisky,5.0,54.5,2024-03-28,https://hedonism.co.uk/product/loch-lomond-14-year-old-whisky
HED21627,Port Askaig Cask Strength,70cl,Spirits,Scotland,Whisky,3.0,68.0,2024-03-28,https://hedonism.co.uk/product/port-askaig-cask-strength-whisky
HED21599,Kavalan Ex-Bourbon Oak,70cl,Spirits,"Taiwan, Province of China",Whisky,5.0,90.0,2024-03-28,https://hedonism.co.uk/product/kavalan-ex-bourbon-oak-whisky
HED21598,Kavalan Solist Madeira 58.6%,70cl,Spirits,"Taiwan, Province of China",Whisky,5.0,215.0,2024-03-28,https://hedonism.co.uk/product/kavalan-solist-madeira-58.6%-whisky
HED21597,Kavalan Solist Oloroso Sherry Cask 53.2%,70cl,Spirits,"Taiwan, Province of China",Whisky,10.0,158.0,2024-03-28,https://hedonism.co.uk/product/kavalan-solist-oloroso-sherry-cask-53.2%-whisky
HED21596,Kavalan Solist Port Cask 57.8%,70cl,Spirits,"Taiwan, Province of China",Whisky,5.0,139.0,2024-03-28,https://hedonism.co.uk/product/kavalan-solist-port-cask-57.8%-whisky
HED21595,Kavalan Podium,70cl,Spirits,"Taiwan, Province of China",Whisky,5.0,86.5,2024-03-28,https://hedonism.co.uk/product/kavalan-podium-whisky
HED21594,Kavalan Solist Peated 54%,70cl,Spirits,"Taiwan, Province of China",Whisky,11.0,180.0,2024-03-28,https://hedonism.co.uk/product/kavalan-solist-peated-54%-whisky
HED21593,Kavalan Solist Vinho Barrique 57.1%,70cl,Spirits,"Taiwan, Province of China",Whisky,7.0,215.0,2024-03-28,https://hedonism.co.uk/product/kavalan-solist-vinho-barrique-57.1%-whisky
HED21588,Glenturret 35 Year Old 35th Anniversary Signatory 1988,70cl,Spirits,Scotland,Whisky,2.0,785.0,2024-03-28,https://hedonism.co.uk/product/glenturret-35-year-old-35th-anniversary-signatory-1988-whisky
HED21425,Lagavulin Distiller`s Edition (2022 Release),70cl,Spirits,Scotland,Whisky,7.0,85.0,2024-03-28,https://hedonism.co.uk/product/lagavulin-distiller`s-edition-(2022-release)-whisky
HED21421,Knockdhu 10 Year Old Infrequent Flyers 2013,70cl,Spirits,Scotland,Whisky,2.0,72.0,2024-03-28,https://hedonism.co.uk/product/knockdhu-10-year-old-infrequent-flyers-2013-whisky
HED21419,Mannochmore 15 Year Old Infrequent Flyers 2008,70cl,Spirits,Scotland,Whisky,10.0,88.0,2024-03-28,https://hedonism.co.uk/product/mannochmore-15-year-old-infrequent-flyers-2008-whisky
HED21417,Benrinnes 17 Year Old Infrequent Flyers 2006,70cl,Spirits,Scotland,Whisky,3.0,96.0,2024-03-28,https://hedonism.co.uk/product/benrinnes-17-year-old-infrequent-flyers-2006-whisky
HED21331,The Accelerator & the Brake 33 Year Old House of Hazelwood Legacy Collection,70cl,Spirits,Scotland,Whisky,2.0,1700.0,2024-03-28,https://hedonism.co.uk/product/the-accelerator-&-the-brake-33-year-old-house-of-hazelwood-legacy-collection-whisky
HED21263,Roseisle 12 Year Old Special Release 2023,70cl,Spirits,Scotland,Whisky,37.0,120.0,2024-03-28,https://hedonism.co.uk/product/roseisle-12-year-old-special-release-2023-whisky
HED21179,Glenturret 10 Year Old Peat Smoked (2023 Release),70cl,Spirits,Scotland,Whisky,8.0,67.0,2024-03-28,https://hedonism.co.uk/product/glenturret-10-year-old-peat-smoked-(2023-release)-whisky
HED21178,Glenturret 7 Year Old Peat Smoked (2023 Release),70cl,Spirits,Scotland,Whisky,4.0,62.0,2024-03-28,https://hedonism.co.uk/product/glenturret-7-year-old-peat-smoked-(2023-release)-whisky
HED21177,Glenturret Triple Wood (2023 Release),70cl,Spirits,Scotland,Whisky,5.0,62.0,2024-03-28,https://hedonism.co.uk/product/glenturret-triple-wood-(2023-release)-whisky
HED21092,Glasgow 1770 The Original,70cl,Spirits,Scotland,Whisky,4.0,46.5,2024-03-28,https://hedonism.co.uk/product/glasgow-1770-the-original-whisky
HED21050,Edradour 10 Year Old Un-Chillfiltered Collection Signatory 2013,70cl,Spirits,Scotland,Whisky,7.0,60.5,2024-03-28,https://hedonism.co.uk/product/edradour-10-year-old-un-chillfiltered-collection-signatory-2013-whisky
HED21048,Caol Ila 15 Year Old Cask Strength Collection Signatory 2007,70cl,Spirits,Scotland,Whisky,2.0,145.0,2024-03-28,https://hedonism.co.uk/product/caol-ila-15-year-old-cask-strength-collection-signatory-2007-whisky
HED21007,Bladnoch Talia,70cl,Spirits,Scotland,Whisky,6.0,305.0,2024-03-28,https://hedonism.co.uk/product/bladnoch-talia-whisky
HED14691,Glenfarclas 105 Cask Strength,70cl,Spirits,Scotland,Whisky,6.0,73.0,2024-03-28,https://hedonism.co.uk/product/glenfarclas-105-cask-strength-whisky
HED14691,Glenfarclas 105 Cask Strength,70cl,Spirits,Scotland,Whisky,6.0,63.9,2024-03-28,https://hedonism.co.uk/product/glenfarclas-105-cask-strength-whisky
HED14607,Glenfarclas 25 Year Old,70cl,Spirits,Scotland,Whisky,14.0,225.0,2024-03-28,https://hedonism.co.uk/product/glenfarclas-25-year-old-whisky
HED10534,Johnnie Walker Double Black,70cl,Spirits,Scotland,Whisky,19.0,37.5,2024-03-28,https://hedonism.co.uk/product/johnnie-walker-double-black-whisky
HED0133,Laphroaig 10 Year Old,70cl,Spirits,Scotland,Whisky,18.0,39.9,2024-03-28,https://hedonism.co.uk/product/laphroaig-10-year-old-whisky
HED0112,Highland Park 18 Year Old,70cl,Spirits,Scotland,Whisky,12.0,125.0,2024-03-28,https://hedonism.co.uk/product/highland-park-18-year-old-whisky
HED0108,Glenmorangie Signet,70cl,Spirits,Scotland,Whisky,13.0,195.0,2024-03-28,https://hedonism.co.uk/product/glenmorangie-signet-whisky
HED0084,Caol Ila 25 Year Old,70cl,Spirits,Scotland,Whisky,22.0,295.0,2024-03-28,https://hedonism.co.uk/product/caol-ila-25-year-old-whisky
HED00097,Dalmore Luminary No.2 2024 Edition `The Collectible`,70cl,Spirits,Scotland,Whisky,139.0,275.0,2024-03-28,https://hedonism.co.uk/product/dalmore-luminary-no.2-2024-edition-`the-collectible`-whisky
HED00091,Hazelburn 13 Year Old Limited Edition (2021 Release),70cl,Spirits,Scotland,Whisky,3.0,155.0,2024-03-28,https://hedonism.co.uk/product/hazelburn-13-year-old-limited-edition-(2021-release)-whisky
HED00068,Glenfarclas 105 16 Year Old Cask Strength,70cl,Spirits,Scotland,Whisky,6.0,195.0,2024-03-28,https://hedonism.co.uk/product/glenfarclas-105-16-year-old-cask-strength-whisky
HED00040,Chichibu London Edition (2022 Release),70cl,Spirits,Japan,Whisky,2.0,455.0,2024-03-28,https://hedonism.co.uk/product/chichibu-london-edition-(2022-release)-whisky
HED00003,Linkwood 26 Year Old Cask Strength Collection Signatory 1997,70cl,Spirits,Scotland,Whisky,3.0,192.0,2024-03-28,https://hedonism.co.uk/product/linkwood-26-year-old-cask-strength-collection-signatory-1997-whisky
